user_id,gps_coordinates,nearest_store,distance_m,weather,temperature,user_emotion,query_text,interpreted_need,personalized_offer_generated,coupon_click,in_store_visit,time_of_day,emotion_intensity,competitor_distance_m,loyalty_tier,predicted_visit_probability,agent_routed_mode,query_complexity_score,expanded_query_by_rewriter,phone_number_raw
0,"40.576565,-73.86099",Dunkin,1252,snow,10,happy,Country guess toward today or happy effort Democrat line stay.,quick pickup,10% off hot beverages,1,1,night,0.8,133,bronze,0.87,Tooling,0.14,User likely needs quick pickup near Dunkin due to snow weather,+1-805-431-4203
1,"40.609889,-74.194108",Walmart,1058,sunny,-5,frustrated,Skill citizen throw budget task point.,warm food,No offer,0,0,morning,0.2,1754,silver,0.67,RAG,0.18,User likely needs warm food near Walmart due to sunny weather,+1-454-488-3888
2,"40.768774,-74.006202",Kroger,690,cloudy,28,tired,Operation fish maybe ask sound.,warm food,5% weather-based coupon,0,0,evening,0.47,558,gold,0.24,Tooling,0.19,User likely needs warm food near Kroger due to cloudy weather,+1-521-965-1229
3,"40.573601,-73.732283",Starbucks,916,snow,-4,tired,He summer bank know Mr hundred often stay.,product availability,No offer,1,1,night,0.77,138,gold,0.49,Tooling,0.56,User likely needs product availability near Starbucks due to snow weather,+1-702-213-9415
4,"40.807244,-73.976564",Walmart,969,windy,1,frustrated,Very hospital single ask in I significant.,find seating,No offer,1,1,evening,0.12,1328,bronze,0.38,Tooling,0.75,User likely needs find seating near Walmart due to windy weather,+1-618-503-1895
5,"40.771598,-74.124668",WholeFoods,1287,sunny,10,urgent,Brother best discover success owner trip thank play agreement man.,discount search,10% off hot beverages,1,1,morning,0.75,1726,platinum,0.37,RAG,0.6,User likely needs discount search near WholeFoods due to sunny weather,+1-642-792-9924
6,"40.590223,-73.981916",Dunkin,1207,rainy,10,urgent,Hour state use continue rather issue final young.,discount search,10% off hot beverages,0,0,night,0.72,1336,platinum,0.98,RAG,0.63,User likely needs discount search near Dunkin due to rainy weather,+1-663-771-4732
7,"40.663009,-73.931551",Starbucks,702,sunny,10,urgent,Student up network end create game lawyer international second seven media.,hot drink,5% weather-based coupon,0,0,morning,0.91,138,silver,0.68,Tooling,0.67,User likely needs hot drink near Starbucks due to sunny weather,+1-471-915-8918
8,"40.725675,-73.967289",Target,1339,windy,5,cold,Huge significant event believe clear beyond else.,hot drink,10% off hot beverages,0,1,evening,0.73,687,silver,0.22,Tooling,0.22,User likely needs hot drink near Target due to windy weather,+1-674-683-5382
9,"40.656994,-73.918462",Walmart,1147,snow,33,urgent,Pm field see drug miss pull bit.,quick pickup,No offer,1,0,night,0.29,1991,platinum,0.21,Tooling,0.75,User likely needs quick pickup near Walmart due to snow weather,+1-632-877-5352
10,"40.787437,-74.189407",Target,1227,cloudy,16,happy,As discover us cold many bar similar candidate tree physical.,discount search,10% off hot beverages,1,1,afternoon,0.66,1411,silver,0.48,RAG,0.54,User likely needs discount search near Target due to cloudy weather,+1-638-825-8948
11,"40.680688,-73.809903",Target,1195,sunny,25,happy,Matter reduce bit side drug quality section.,quick pickup,10% off hot beverages,1,1,night,0.71,1049,bronze,0.15,Tooling,0.77,User likely needs quick pickup near Target due to sunny weather,+1-928-504-8797
12,"40.824945,-74.011239",Starbucks,1107,windy,32,cold,Value by onto remain accept their.,quick pickup,Free topping,1,0,evening,0.67,1317,platinum,0.06,RAG,0.7,User likely needs quick pickup near Starbucks due to windy weather,+1-523-268-3548
13,"40.513204,-73.760448",Kroger,1289,sunny,24,urgent,Everyone dog free economic policy church capital.,quick pickup,No offer,1,0,night,0.15,324,bronze,0.61,Tooling,0.3,User likely needs quick pickup near Kroger due to sunny weather,+1-756-284-3330
14,"40.58392,-74.119842",WholeFoods,481,snow,34,urgent,Write style quite market hot add song with.,hot drink,No offer,0,1,morning,0.51,1709,silver,0.02,RAG,0.19,User likely needs hot drink near WholeFoods due to snow weather,+1-959-630-3028
15,"40.642912,-74.119691",Kroger,827,snow,20,urgent,Letter others argue design address matter positive from often.,hot drink,10% off hot beverages,0,1,morning,0.61,1098,gold,0.93,Tooling,0.7,User likely needs hot drink near Kroger due to snow weather,+1-653-706-9578
16,"40.785105,-74.11021",Kroger,1340,snow,12,happy,Require television forget though consider blue other create million.,discount search,5% weather-based coupon,1,0,evening,0.94,1202,gold,0.5,RAG,0.9,User likely needs discount search near Kroger due to snow weather,+1-775-498-8360
17,"40.882712,-74.028272",Walmart,95,windy,17,urgent,Develop measure short in southern senior long west day indicate.,hot drink,No offer,0,1,night,0.34,1826,silver,0.63,Tooling,0.6,User likely needs hot drink near Walmart due to windy weather,+1-287-567-9301
18,"40.733641,-73.705773",WholeFoods,518,snow,10,neutral,Scene discover picture though nation talk suddenly interview officer there.,find seating,Buy1Get1 snack,0,0,morning,0.03,2000,platinum,0.57,RAG,0.63,User likely needs find seating near WholeFoods due to snow weather,+1-637-855-8274
19,"40.622947,-73.774477",Dunkin,387,snow,29,neutral,Military career offer season artist dream night produce step.,warm food,No offer,1,0,afternoon,0.4,470,silver,0.2,RAG,0.69,User likely needs warm food near Dunkin due to snow weather,+1-722-816-5075
20,"40.574868,-73.71344",Kroger,979,rainy,15,frustrated,Say appear Democrat us star.,product availability,10% off hot beverages,1,1,night,0.48,1187,silver,0.06,RAG,0.51,User likely needs product availability near Kroger due to rainy weather,+1-209-881-5679
21,"40.548843,-74.080089",Dunkin,1449,snow,25,frustrated,Reveal why shake around here unit somebody until.,warm food,5% weather-based coupon,1,0,evening,0.32,614,gold,0.59,Tooling,0.8,User likely needs warm food near Dunkin due to snow weather,+1-353-360-1665
22,"40.553027,-74.166116",Starbucks,30,cloudy,1,happy,Peace college alone lay table arrive light view interview.,hot drink,No offer,1,1,afternoon,0.95,1986,platinum,0.97,Tooling,0.88,User likely needs hot drink near Starbucks due to cloudy weather,+1-813-853-1303
23,"40.889522,-73.959679",Target,469,storm,22,frustrated,Organization fund mean blood nearly manage.,quick pickup,10% off hot beverages,1,1,afternoon,0.31,1704,platinum,0.73,Tooling,0.19,User likely needs quick pickup near Target due to storm weather,+1-682-366-2854
24,"40.643871,-73.841398",Starbucks,1166,rainy,9,urgent,Become own participant eight away partner near under pay.,quick pickup,Buy1Get1 snack,0,1,morning,0.05,1480,gold,0.72,RAG,0.7,User likely needs quick pickup near Starbucks due to rainy weather,+1-574-378-9679
25,"40.681278,-73.739285",Walmart,1307,snow,1,urgent,Pretty structure others personal work that whether.,hot drink,5% weather-based coupon,0,0,morning,0.31,171,silver,0.59,RAG,0.27,User likely needs hot drink near Walmart due to snow weather,+1-901-668-8790
26,"40.796781,-73.853194",Starbucks,91,sunny,22,happy,Relate majority line kid question nothing explain start.,find seating,Buy1Get1 snack,0,1,morning,0.2,999,gold,0.15,Tooling,0.62,User likely needs find seating near Starbucks due to sunny weather,+1-581-663-7518
27,"40.566148,-74.187853",Starbucks,305,cloudy,22,frustrated,Building order oil property around.,find seating,Free topping,1,0,evening,0.61,1854,bronze,0.51,Tooling,0.15,User likely needs find seating near Starbucks due to cloudy weather,+1-326-602-8637
28,"40.705811,-74.063176",WholeFoods,715,sunny,7,happy,Military business condition once wrong glass environment first herself.,warm food,No offer,0,0,morning,0.31,83,gold,0.19,RAG,0.5,User likely needs warm food near WholeFoods due to sunny weather,+1-775-360-5433
29,"40.725525,-73.739897",Starbucks,1051,windy,30,happy,Around several behavior information together only.,find seating,$2 off warm meals,1,0,evening,0.3,1393,bronze,0.3,RAG,0.86,User likely needs find seating near Starbucks due to windy weather,+1-722-665-7658
30,"40.815671,-74.075477",Dunkin,739,windy,21,frustrated,Parent class billion arrive language finally Republican turn.,quick pickup,10% off hot beverages,0,1,afternoon,0.37,274,bronze,0.84,Tooling,0.43,User likely needs quick pickup near Dunkin due to windy weather,+1-978-610-4821
31,"40.867413,-74.05782",WholeFoods,148,snow,33,urgent,Leader human common result identify task customer room.,find seating,Free topping,1,1,afternoon,0.65,1122,silver,0.08,RAG,0.76,User likely needs find seating near WholeFoods due to snow weather,+1-816-603-2156
32,"40.84681,-73.991906",WholeFoods,847,windy,23,tired,However she others condition impact argue relate teach authority four.,find seating,Free topping,0,1,afternoon,0.28,1916,bronze,0.61,Tooling,0.11,User likely needs find seating near WholeFoods due to windy weather,+1-963-849-6026
33,"40.606562,-73.949954",Walmart,354,sunny,11,urgent,Bank education anyone part something occur.,quick pickup,5% weather-based coupon,0,0,night,0.27,527,platinum,0.76,Tooling,0.17,User likely needs quick pickup near Walmart due to sunny weather,+1-427-374-2036
34,"40.768018,-73.815326",Target,986,sunny,2,happy,War then open spend sister minute difficult individual.,product availability,$2 off warm meals,0,1,morning,0.98,191,platinum,0.89,Tooling,0.41,User likely needs product availability near Target due to sunny weather,+1-769-619-4940
35,"40.528349,-73.849514",Walmart,518,snow,25,frustrated,Still sometimes full direction from nature quite.,discount search,10% off hot beverages,0,0,morning,0.52,1504,bronze,0.7,Tooling,0.25,User likely needs discount search near Walmart due to snow weather,+1-423-917-7553
36,"40.579889,-74.191701",WholeFoods,236,windy,-2,urgent,Yet produce force hundred while get reason floor sense have.,discount search,5% weather-based coupon,1,1,morning,0.25,533,bronze,0.16,Tooling,0.68,User likely needs discount search near WholeFoods due to windy weather,+1-210-394-5124
37,"40.586306,-74.118186",Starbucks,1206,snow,4,cold,Outside future education perhaps power up religious trouble.,quick pickup,No offer,0,0,night,0.4,1252,gold,0.75,Tooling,0.88,User likely needs quick pickup near Starbucks due to snow weather,+1-576-763-8733
38,"40.64308,-73.883935",Dunkin,1162,cloudy,-2,neutral,Series money our sing main body debate scene.,product availability,$2 off warm meals,1,0,afternoon,0.36,1583,bronze,0.56,Tooling,0.32,User likely needs product availability near Dunkin due to cloudy weather,+1-752-565-9718
39,"40.709795,-73.737404",Starbucks,1242,snow,33,cold,Play evening realize product represent quickly.,product availability,Free topping,0,1,night,0.32,182,gold,0.62,RAG,0.81,User likely needs product availability near Starbucks due to snow weather,+1-702-577-5451
40,"40.898485,-74.08076",Dunkin,1331,windy,6,urgent,Future group recent interest water include mean.,discount search,$2 off warm meals,1,1,evening,0.39,1339,gold,0.73,Tooling,0.71,User likely needs discount search near Dunkin due to windy weather,+1-425-575-1477
41,"40.795484,-73.988381",Target,359,cloudy,24,tired,Morning determine wind probably discussion road must local traditional country.,product availability,$2 off warm meals,1,0,evening,0.42,437,silver,0.9,Tooling,0.43,User likely needs product availability near Target due to cloudy weather,+1-287-868-5680
42,"40.527366,-73.870057",Kroger,791,windy,12,happy,While quickly blood feeling enough claim sell dark local which create.,warm food,10% off hot beverages,0,1,afternoon,0.9,1139,bronze,0.97,RAG,0.16,User likely needs warm food near Kroger due to windy weather,+1-541-698-1283
43,"40.666719,-73.962655",Dunkin,1143,cloudy,25,neutral,Become company assume change education poor exactly page white.,product availability,Free topping,0,1,night,0.33,87,gold,0.28,Tooling,0.54,User likely needs product availability near Dunkin due to cloudy weather,+1-717-654-4857
44,"40.860664,-73.958427",WholeFoods,1153,windy,22,tired,Particular maybe manage analysis full word Mr.,discount search,10% off hot beverages,1,1,night,0.63,392,gold,0.25,RAG,0.83,User likely needs discount search near WholeFoods due to windy weather,+1-314-847-6796
45,"40.597452,-73.711339",Starbucks,896,sunny,14,urgent,Yeah live she growth front TV.,product availability,Buy1Get1 snack,0,1,night,0.72,264,bronze,0.18,Tooling,0.15,User likely needs product availability near Starbucks due to sunny weather,+1-722-497-5943
46,"40.564671,-73.891736",Starbucks,229,sunny,25,neutral,Happen bill throughout less section.,warm food,$2 off warm meals,0,0,evening,0.78,1057,gold,0.11,RAG,0.27,User likely needs warm food near Starbucks due to sunny weather,+1-607-617-8562
47,"40.810239,-73.782764",Starbucks,1270,cloudy,13,cold,Paper character apply challenge turn cover state page he human.,quick pickup,$2 off warm meals,0,0,night,0.17,813,silver,0.64,Tooling,0.73,User likely needs quick pickup near Starbucks due to cloudy weather,+1-933-908-9225
48,"40.641802,-74.150326",Dunkin,705,windy,3,cold,Left find house these former action.,quick pickup,Free topping,0,0,morning,0.93,1086,bronze,0.79,Tooling,0.76,User likely needs quick pickup near Dunkin due to windy weather,+1-975-553-8704
49,"40.89179,-73.871498",Kroger,1311,cloudy,11,frustrated,Feeling similar company political international.,product availability,Buy1Get1 snack,0,0,night,0.41,1127,bronze,0.45,Tooling,0.39,User likely needs product availability near Kroger due to cloudy weather,+1-526-261-8318
50,"40.651479,-73.985081",Kroger,718,rainy,7,frustrated,Record edge grow various street forget cell source build.,product availability,Buy1Get1 snack,1,0,evening,0.91,162,gold,0.72,RAG,0.28,User likely needs product availability near Kroger due to rainy weather,+1-296-579-9477
51,"40.700568,-73.961543",Target,247,cloudy,29,frustrated,Wife include age natural accept civil indicate order a outside.,discount search,No offer,1,0,afternoon,0.65,1725,silver,0.15,Tooling,0.8,User likely needs discount search near Target due to cloudy weather,+1-630-902-7219
52,"40.748248,-73.819292",Walmart,272,rainy,26,urgent,Best pass recently would whether factor special face sit.,quick pickup,$2 off warm meals,0,0,morning,0.99,998,platinum,0.47,Tooling,0.28,User likely needs quick pickup near Walmart due to rainy weather,+1-689-679-8744
53,"40.863656,-74.061953",Dunkin,192,cloudy,17,urgent,Under rich difference type article carry.,quick pickup,Buy1Get1 snack,1,0,night,0.86,2000,platinum,0.84,Tooling,0.16,User likely needs quick pickup near Dunkin due to cloudy weather,+1-397-962-9445
54,"40.55495,-73.949572",Target,665,windy,11,neutral,Rock experience citizen radio treat of beyond job institution professional save.,warm food,Buy1Get1 snack,0,1,morning,0.55,1974,platinum,0.03,RAG,0.41,User likely needs warm food near Target due to windy weather,+1-858-823-8437
55,"40.84411,-73.83831",Walmart,687,sunny,34,neutral,Impact should baby above fight.,find seating,10% off hot beverages,1,0,afternoon,0.89,1104,gold,0.43,Tooling,0.52,User likely needs find seating near Walmart due to sunny weather,+1-312-633-1962
56,"40.683911,-74.168608",WholeFoods,340,sunny,19,happy,Firm never service look ok kitchen alone almost business dinner three.,discount search,No offer,0,0,morning,0.27,1404,gold,0.91,RAG,0.62,User likely needs discount search near WholeFoods due to sunny weather,+1-805-822-8739
57,"40.73333,-74.002423",Dunkin,1022,snow,19,urgent,Throw soldier decision piece campaign last.,hot drink,Free topping,0,0,night,0.06,1989,bronze,0.64,Tooling,0.41,User likely needs hot drink near Dunkin due to snow weather,+1-693-492-3541
58,"40.585858,-73.726713",Target,270,windy,2,cold,Leader side get social modern.,hot drink,Free topping,1,1,afternoon,0.65,220,bronze,0.9,RAG,0.28,User likely needs hot drink near Target due to windy weather,+1-410-457-9805
59,"40.814894,-73.965873",Target,796,cloudy,35,tired,Act skill those your rule risk.,quick pickup,Free topping,0,1,night,0.62,782,platinum,0.0,Tooling,0.44,User likely needs quick pickup near Target due to cloudy weather,+1-428-239-5524
60,"40.777807,-73.72247",Dunkin,627,storm,20,urgent,Family hundred plant lead firm will happy word.,hot drink,Buy1Get1 snack,1,1,afternoon,0.98,938,silver,0.31,Tooling,0.18,User likely needs hot drink near Dunkin due to storm weather,+1-974-674-5740
61,"40.848334,-73.952247",Kroger,975,cloudy,-3,urgent,Share news exist myself follow now.,discount search,Free topping,0,1,morning,0.28,223,platinum,0.59,Tooling,0.34,User likely needs discount search near Kroger due to cloudy weather,+1-456-758-8013
62,"40.501269,-73.82894",Dunkin,239,sunny,14,happy,Business also at charge receive remember agreement need.,hot drink,$2 off warm meals,0,0,evening,0.14,1959,silver,0.45,Tooling,0.35,User likely needs hot drink near Dunkin due to sunny weather,+1-321-940-5172
63,"40.635143,-74.039328",Walmart,1284,windy,14,happy,Occur rest remember wall reveal American financial meet.,warm food,$2 off warm meals,0,0,afternoon,0.03,1006,silver,0.62,Tooling,0.4,User likely needs warm food near Walmart due to windy weather,+1-287-543-8055
64,"40.72551,-73.745871",WholeFoods,1037,cloudy,-4,happy,Possible include form serve same attack town power school sign.,warm food,5% weather-based coupon,1,1,morning,0.71,515,silver,0.73,Tooling,0.32,User likely needs warm food near WholeFoods due to cloudy weather,+1-857-367-3366
65,"40.818199,-73.903414",Target,1357,sunny,23,tired,Third necessary single top south vote use person strong.,quick pickup,Free topping,0,1,morning,0.09,1748,silver,0.78,Tooling,0.34,User likely needs quick pickup near Target due to sunny weather,+1-627-963-5023
66,"40.629827,-73.843013",Starbucks,464,sunny,33,neutral,Sort plan listen almost sell a day often.,discount search,Buy1Get1 snack,0,1,morning,0.55,1384,gold,0.87,RAG,0.66,User likely needs discount search near Starbucks due to sunny weather,+1-336-239-4470
67,"40.633557,-73.859401",WholeFoods,196,windy,24,urgent,Treat any perform turn hold candidate away commercial pay out.,product availability,10% off hot beverages,0,1,morning,0.89,2000,silver,0.68,Tooling,0.81,User likely needs product availability near WholeFoods due to windy weather,+1-792-270-4062
68,"40.717667,-74.15428",Dunkin,347,windy,14,cold,Record job capital former family control baby hospital.,discount search,No offer,1,0,afternoon,0.64,290,platinum,0.72,Tooling,0.85,User likely needs discount search near Dunkin due to windy weather,+1-976-690-6898
69,"40.832362,-73.903705",Walmart,636,rainy,0,neutral,Yet stay thousand country have able understand condition.,product availability,5% weather-based coupon,0,1,morning,0.32,1802,gold,0.9,Tooling,0.81,User likely needs product availability near Walmart due to rainy weather,+1-820-706-8171
70,"40.795803,-74.173532",Kroger,1108,rainy,27,frustrated,Read whom sport hold form instead well news it.,hot drink,Buy1Get1 snack,0,1,night,0.31,1904,silver,0.3,Tooling,0.19,User likely needs hot drink near Kroger due to rainy weather,+1-237-655-7052
71,"40.557784,-74.065515",WholeFoods,135,rainy,13,urgent,Show at we medical popular where others receive put look.,discount search,5% weather-based coupon,1,0,night,0.22,215,silver,0.0,Tooling,0.72,User likely needs discount search near WholeFoods due to rainy weather,+1-427-740-2761
72,"40.666833,-74.165951",WholeFoods,1142,sunny,18,happy,Where market hour candidate along say class picture our.,warm food,Free topping,1,1,afternoon,0.08,1899,platinum,0.79,Tooling,0.26,User likely needs warm food near WholeFoods due to sunny weather,+1-439-206-8779
73,"40.52301,-73.982763",WholeFoods,26,rainy,24,neutral,Yet experience trip writer Democrat trip type.,product availability,5% weather-based coupon,0,1,evening,0.72,425,platinum,0.68,Tooling,0.65,User likely needs product availability near WholeFoods due to rainy weather,+1-663-968-2385
74,"40.882209,-73.861649",WholeFoods,639,sunny,8,tired,Industry tax industry early gas student rise.,hot drink,$2 off warm meals,0,1,afternoon,0.21,502,gold,0.11,Tooling,0.28,User likely needs hot drink near WholeFoods due to sunny weather,+1-572-969-6410
75,"40.838507,-73.968239",Target,1410,windy,31,urgent,Entire hold live religious air per edge.,hot drink,10% off hot beverages,0,0,morning,0.16,155,bronze,0.23,Tooling,0.55,User likely needs hot drink near Target due to windy weather,+1-243-262-6601
76,"40.894682,-74.02",Walmart,153,sunny,-3,cold,Personal health news many fly consumer town soldier task everyone affect.,warm food,Buy1Get1 snack,0,0,morning,0.88,738,bronze,0.69,Tooling,0.23,User likely needs warm food near Walmart due to sunny weather,+1-665-648-6840
77,"40.760099,-74.085131",Target,176,cloudy,-1,tired,Test economy step girl let everything really general.,quick pickup,5% weather-based coupon,1,1,morning,0.62,1170,platinum,0.9,Tooling,0.86,User likely needs quick pickup near Target due to cloudy weather,+1-986-954-7991
78,"40.800684,-74.011894",Kroger,1456,cloudy,4,frustrated,Exactly drop likely old blood subject size.,warm food,No offer,0,0,night,0.0,124,bronze,0.24,Tooling,0.23,User likely needs warm food near Kroger due to cloudy weather,+1-435-983-9578
79,"40.658934,-74.111023",Dunkin,953,rainy,27,neutral,Opportunity order physical natural long learn western eat discussion.,discount search,Buy1Get1 snack,1,1,afternoon,0.32,617,silver,0.59,Tooling,0.25,User likely needs discount search near Dunkin due to rainy weather,+1-425-643-3704
80,"40.532422,-74.169683",Target,82,snow,5,happy,Poor college hit all simple attack fish.,hot drink,$2 off warm meals,1,0,night,0.98,833,gold,0.23,RAG,0.74,User likely needs hot drink near Target due to snow weather,+1-259-998-3601
81,"40.592144,-74.028079",Target,862,snow,14,cold,Cause your since doctor activity.,warm food,No offer,0,0,night,0.05,1952,bronze,0.25,RAG,0.47,User likely needs warm food near Target due to snow weather,+1-787-229-4398
82,"40.772301,-74.005726",Starbucks,110,snow,-1,frustrated,Look including better least five human we his himself cultural.,quick pickup,10% off hot beverages,0,0,morning,0.15,1602,silver,0.25,Tooling,0.43,User likely needs quick pickup near Starbucks due to snow weather,+1-743-336-1934
83,"40.862713,-73.988125",Walmart,905,storm,3,frustrated,Onto despite word tough last room take discover his.,product availability,No offer,1,0,afternoon,0.15,747,bronze,0.01,Tooling,0.39,User likely needs product availability near Walmart due to storm weather,+1-546-291-6467
84,"40.522228,-73.836509",Starbucks,819,snow,33,tired,Situation capital school market space member.,discount search,$2 off warm meals,1,1,morning,0.83,592,silver,0.84,Tooling,0.2,User likely needs discount search near Starbucks due to snow weather,+1-982-643-8761
85,"40.888871,-74.028696",WholeFoods,931,windy,20,cold,Word history goal well manager.,warm food,Buy1Get1 snack,1,0,afternoon,0.92,479,bronze,0.01,RAG,0.52,User likely needs warm food near WholeFoods due to windy weather,+1-453-642-7138
86,"40.715409,-74.05532",Dunkin,507,windy,25,cold,Series attack nation myself seat minute home smile.,warm food,$2 off warm meals,1,1,morning,0.61,1616,bronze,0.81,Tooling,0.15,User likely needs warm food near Dunkin due to windy weather,+1-469-450-6850
87,"40.888082,-74.10776",WholeFoods,663,sunny,29,happy,Explain every decide nature business.,hot drink,Buy1Get1 snack,1,1,afternoon,0.05,1943,silver,0.21,Tooling,0.66,User likely needs hot drink near WholeFoods due to sunny weather,+1-983-610-7690
88,"40.787247,-74.146958",Kroger,809,sunny,20,neutral,Room really another serve carry or those each agree guess.,find seating,Free topping,0,1,evening,0.67,1769,platinum,0.79,Tooling,0.75,User likely needs find seating near Kroger due to sunny weather,+1-757-715-7755
89,"40.869131,-74.085864",Kroger,806,storm,32,neutral,Media reality performance significant plant teach more money age compare.,warm food,No offer,1,0,morning,0.54,430,silver,0.84,Tooling,0.38,User likely needs warm food near Kroger due to storm weather,+1-977-286-8379
90,"40.656879,-74.189746",Starbucks,760,storm,10,tired,Glass conference gas court Mr some whose.,hot drink,5% weather-based coupon,1,0,evening,0.86,275,bronze,0.55,Tooling,0.55,User likely needs hot drink near Starbucks due to storm weather,+1-883-228-2545
91,"40.846492,-73.804537",Walmart,1391,windy,-5,urgent,Write action clear enter hospital.,discount search,No offer,1,0,afternoon,0.11,677,bronze,0.44,Tooling,0.39,User likely needs discount search near Walmart due to windy weather,+1-610-669-7010
92,"40.681443,-73.882448",Dunkin,115,windy,12,urgent,Bag adult method agency performance hour read various.,discount search,Buy1Get1 snack,1,0,morning,0.3,1842,platinum,0.4,Tooling,0.86,User likely needs discount search near Dunkin due to windy weather,+1-342-825-2945
93,"40.516525,-73.99068",Kroger,321,cloudy,20,happy,Need gas often culture book above mind pass wait reduce.,product availability,5% weather-based coupon,1,0,evening,0.06,489,silver,0.52,Tooling,0.74,User likely needs product availability near Kroger due to cloudy weather,+1-866-893-4395
94,"40.544522,-73.997443",Walmart,811,windy,8,urgent,Not letter turn military.,find seating,Buy1Get1 snack,0,0,evening,0.72,1979,bronze,0.19,RAG,0.22,User likely needs find seating near Walmart due to windy weather,+1-315-446-7070
95,"40.512721,-74.099131",Kroger,1306,storm,27,urgent,Value sister time write risk finish good imagine Congress.,discount search,5% weather-based coupon,0,0,evening,0.16,1217,gold,0.95,Tooling,0.8,User likely needs discount search near Kroger due to storm weather,+1-304-846-2649
96,"40.747423,-74.005497",Starbucks,41,rainy,3,happy,Partner arrive far certainly maybe theory.,find seating,10% off hot beverages,0,0,afternoon,0.46,1383,silver,0.76,Tooling,0.23,User likely needs find seating near Starbucks due to rainy weather,+1-905-414-1834
97,"40.831246,-74.147904",Kroger,529,storm,-1,urgent,Through politics eat instead course describe mouth.,discount search,No offer,1,0,morning,0.67,1071,gold,0.11,Tooling,0.73,User likely needs discount search near Kroger due to storm weather,+1-211-762-2045
98,"40.804868,-73.889443",WholeFoods,1140,sunny,35,frustrated,Close good agree bar the already career report business community.,discount search,Free topping,1,1,evening,0.61,1687,silver,0.98,RAG,0.44,User likely needs discount search near WholeFoods due to sunny weather,+1-905-944-4128
99,"40.78972,-73.981534",Target,495,windy,4,tired,Behavior player staff best voice.,find seating,Free topping,1,0,morning,0.88,256,gold,0.52,Tooling,0.26,User likely needs find seating near Target due to windy weather,+1-811-762-2304
100,"40.715338,-74.161509",Kroger,1047,rainy,11,frustrated,Billion group moment film city let.,hot drink,Buy1Get1 snack,1,0,afternoon,0.04,849,bronze,0.29,Tooling,0.65,User likely needs hot drink near Kroger due to rainy weather,+1-614-984-5970
101,"40.74584,-74.192066",Target,1034,storm,35,tired,Heavy you job image trade guy.,quick pickup,Buy1Get1 snack,0,0,evening,0.47,780,bronze,0.01,Tooling,0.13,User likely needs quick pickup near Target due to storm weather,+1-922-436-5111
102,"40.77536,-73.703478",Starbucks,793,rainy,-2,neutral,National lead win collection garden exactly style war.,hot drink,10% off hot beverages,0,0,evening,0.57,229,platinum,0.56,RAG,0.28,User likely needs hot drink near Starbucks due to rainy weather,+1-680-417-6919
103,"40.76233,-73.828506",Dunkin,1051,windy,28,tired,Change mission never up similar response spring other.,quick pickup,5% weather-based coupon,1,0,evening,0.31,628,platinum,0.98,RAG,0.67,User likely needs quick pickup near Dunkin due to windy weather,+1-259-692-5370
104,"40.584273,-73.856686",Walmart,1345,sunny,14,tired,Raise really according sound amount kid life song.,quick pickup,$2 off warm meals,1,0,evening,0.54,1146,platinum,1.0,Tooling,0.87,User likely needs quick pickup near Walmart due to sunny weather,+1-692-667-6436
105,"40.729136,-74.000756",Target,1291,windy,23,urgent,Carry cold picture main ever travel class education generation school.,find seating,No offer,0,1,morning,0.43,1624,platinum,0.58,Tooling,0.18,User likely needs find seating near Target due to windy weather,+1-809-756-2300
106,"40.813034,-74.17392",Target,1044,windy,11,cold,Me professor lose or pattern have.,product availability,No offer,0,1,afternoon,0.9,1352,silver,0.65,RAG,0.58,User likely needs product availability near Target due to windy weather,+1-545-720-2388
107,"40.52324,-73.918027",Walmart,683,snow,29,urgent,Tend down production lead nothing eye.,discount search,Buy1Get1 snack,1,1,evening,0.87,1761,platinum,0.65,RAG,0.9,User likely needs discount search near Walmart due to snow weather,+1-299-511-9011
108,"40.520424,-73.769726",Starbucks,1091,snow,13,cold,Level board cover employee painting.,quick pickup,$2 off warm meals,0,0,afternoon,0.32,1510,silver,0.2,Tooling,0.65,User likely needs quick pickup near Starbucks due to snow weather,+1-422-364-1590
109,"40.731857,-73.984253",Kroger,94,storm,27,frustrated,Reveal nice give determine from.,hot drink,5% weather-based coupon,1,0,night,0.88,264,bronze,0.49,Tooling,0.43,User likely needs hot drink near Kroger due to storm weather,+1-212-291-3514
110,"40.581972,-73.963586",WholeFoods,1370,windy,14,cold,Loss recent finish coach anything stay add dream respond.,discount search,5% weather-based coupon,1,1,morning,0.76,1717,silver,0.64,Tooling,0.74,User likely needs discount search near WholeFoods due to windy weather,+1-774-311-5228
111,"40.788817,-73.803931",WholeFoods,454,windy,14,tired,Believe blood apply read but not.,hot drink,10% off hot beverages,1,1,afternoon,0.12,1924,bronze,0.94,Tooling,0.79,User likely needs hot drink near WholeFoods due to windy weather,+1-345-882-1737
112,"40.514693,-74.080497",WholeFoods,775,windy,16,neutral,Skill someone vote send future determine still.,quick pickup,Free topping,1,1,afternoon,0.36,80,gold,0.25,Tooling,0.55,User likely needs quick pickup near WholeFoods due to windy weather,+1-720-354-7305
113,"40.60358,-73.963339",Dunkin,1383,cloudy,32,urgent,Traditional leader address sport crime plan laugh finally.,product availability,$2 off warm meals,1,0,evening,0.94,411,silver,0.14,RAG,0.3,User likely needs product availability near Dunkin due to cloudy weather,+1-944-497-6942
114,"40.50074,-73.776997",Starbucks,1363,sunny,32,cold,Spring stock how hold true foot.,find seating,$2 off warm meals,0,1,night,0.63,928,bronze,0.58,Tooling,0.76,User likely needs find seating near Starbucks due to sunny weather,+1-294-526-1011
115,"40.723092,-73.806189",Starbucks,55,rainy,27,cold,Away list past especially simple.,warm food,10% off hot beverages,1,0,evening,0.74,341,silver,0.88,Tooling,0.71,User likely needs warm food near Starbucks due to rainy weather,+1-513-700-1646
116,"40.655485,-73.818631",Target,201,storm,3,frustrated,None visit others really trip song enter here man visit.,find seating,Buy1Get1 snack,0,1,night,0.45,608,platinum,0.57,RAG,0.82,User likely needs find seating near Target due to storm weather,+1-647-671-1921
117,"40.567422,-73.710977",Dunkin,809,snow,5,urgent,Benefit degree kind program gun responsibility.,product availability,10% off hot beverages,0,0,night,0.18,265,gold,0.9,Tooling,0.47,User likely needs product availability near Dunkin due to snow weather,+1-441-750-8444
118,"40.678432,-74.165156",Starbucks,166,storm,33,cold,Main blood standard direction there type task.,product availability,Buy1Get1 snack,1,0,morning,0.3,898,gold,0.97,Tooling,0.27,User likely needs product availability near Starbucks due to storm weather,+1-774-783-2948
119,"40.871347,-74.063011",Starbucks,169,sunny,31,tired,Lay discussion identify there serious discuss main.,find seating,Free topping,0,1,afternoon,0.24,1394,bronze,0.53,Tooling,0.25,User likely needs find seating near Starbucks due to sunny weather,+1-270-744-6817
120,"40.733354,-73.78472",WholeFoods,775,cloudy,23,urgent,Pick natural surface him month down whatever present good data.,find seating,10% off hot beverages,0,0,night,0.56,312,bronze,0.13,RAG,0.44,User likely needs find seating near WholeFoods due to cloudy weather,+1-856-771-3018
121,"40.762037,-73.756149",WholeFoods,1232,snow,17,tired,Close board high size yes.,warm food,5% weather-based coupon,0,0,afternoon,0.93,879,gold,0.9,Tooling,0.82,User likely needs warm food near WholeFoods due to snow weather,+1-968-455-9512
122,"40.830194,-73.912933",WholeFoods,585,rainy,20,cold,Hour leg federal owner even know hot exist.,discount search,5% weather-based coupon,1,0,morning,0.15,1207,gold,0.79,Tooling,0.6,User likely needs discount search near WholeFoods due to rainy weather,+1-338-958-4505
123,"40.559437,-74.115707",Target,813,snow,12,urgent,Opportunity dinner know shake.,product availability,No offer,0,0,night,0.59,995,gold,0.52,Tooling,0.63,User likely needs product availability near Target due to snow weather,+1-802-514-3876
124,"40.578896,-74.041546",WholeFoods,25,windy,0,frustrated,Nature story save nothing fast seven.,warm food,5% weather-based coupon,1,1,evening,0.16,1905,platinum,0.81,RAG,0.18,User likely needs warm food near WholeFoods due to windy weather,+1-577-785-9210
125,"40.653522,-73.941709",Starbucks,1082,windy,23,urgent,Spring least lot financial dream plan finish.,warm food,$2 off warm meals,1,1,night,0.15,702,gold,0.51,Tooling,0.49,User likely needs warm food near Starbucks due to windy weather,+1-642-441-3569
126,"40.502927,-73.988961",WholeFoods,854,storm,22,neutral,Community seven despite wall toward per wait skill.,quick pickup,$2 off warm meals,0,0,afternoon,0.9,1375,silver,0.91,Tooling,0.34,User likely needs quick pickup near WholeFoods due to storm weather,+1-984-791-4263
127,"40.558797,-73.884247",WholeFoods,1183,storm,1,neutral,Word live really election decade.,product availability,Free topping,0,1,evening,0.48,1512,silver,0.88,Tooling,0.19,User likely needs product availability near WholeFoods due to storm weather,+1-884-311-1002
128,"40.842592,-73.886432",Starbucks,267,snow,27,neutral,On film life big.,product availability,No offer,1,0,morning,0.97,813,gold,0.58,Tooling,0.64,User likely needs product availability near Starbucks due to snow weather,+1-546-485-7386
129,"40.689216,-73.97153",Starbucks,239,sunny,3,neutral,Customer factor outside no relate staff national bank side inside mention.,hot drink,Free topping,1,1,evening,0.89,825,bronze,0.61,Tooling,0.74,User likely needs hot drink near Starbucks due to sunny weather,+1-619-898-1550
130,"40.797776,-73.811224",Kroger,1056,rainy,27,tired,Fund action Republican material and threat anyone.,quick pickup,Buy1Get1 snack,1,1,evening,0.6,1949,bronze,0.12,Tooling,0.56,User likely needs quick pickup near Kroger due to rainy weather,+1-477-330-3873
131,"40.586223,-73.855962",Kroger,730,rainy,5,cold,Level catch often another avoid understand worker college.,hot drink,Free topping,1,0,morning,0.96,1694,platinum,0.13,Tooling,0.33,User likely needs hot drink near Kroger due to rainy weather,+1-782-706-4014
132,"40.773587,-74.046913",Target,33,rainy,13,urgent,Or crime hope large would imagine if newspaper.,quick pickup,Buy1Get1 snack,0,0,evening,0.47,1739,platinum,0.17,Tooling,0.85,User likely needs quick pickup near Target due to rainy weather,+1-755-410-5354
133,"40.552453,-74.008898",Kroger,1320,snow,-5,cold,Theory form imagine cultural send son leg have improve.,discount search,Free topping,1,0,afternoon,0.5,1816,bronze,0.89,Tooling,0.48,User likely needs discount search near Kroger due to snow weather,+1-543-718-6636
134,"40.666681,-74.162876",Kroger,359,storm,6,tired,Despite start many cause argue.,warm food,5% weather-based coupon,0,1,night,0.6,1431,silver,0.96,Tooling,0.29,User likely needs warm food near Kroger due to storm weather,+1-212-474-6137
135,"40.862603,-73.709949",Kroger,388,rainy,6,cold,Front food race right hot close.,hot drink,No offer,1,1,morning,0.8,1777,platinum,0.59,Tooling,0.26,User likely needs hot drink near Kroger due to rainy weather,+1-368-547-3748
136,"40.706839,-73.841572",Dunkin,55,storm,27,urgent,Us evening detail away tough religious animal allow after.,quick pickup,Free topping,0,0,afternoon,0.38,722,platinum,0.25,RAG,0.65,User likely needs quick pickup near Dunkin due to storm weather,+1-491-710-2398
137,"40.673295,-73.957333",WholeFoods,1345,snow,32,frustrated,Movement blue mother nothing seek investment here reason.,product availability,Free topping,0,1,night,0.81,1278,bronze,0.54,RAG,0.17,User likely needs product availability near WholeFoods due to snow weather,+1-888-534-9226
138,"40.583615,-73.816096",WholeFoods,770,storm,-5,urgent,Drug book night next produce even professor read.,hot drink,No offer,1,0,evening,0.95,395,silver,0.91,Tooling,0.42,User likely needs hot drink near WholeFoods due to storm weather,+1-281-527-9749
139,"40.71037,-73.8622",Dunkin,763,cloudy,19,cold,Road task industry tough.,discount search,No offer,1,0,evening,0.49,1337,gold,0.32,Tooling,0.64,User likely needs discount search near Dunkin due to cloudy weather,+1-918-765-6688
140,"40.890499,-73.804081",Walmart,583,sunny,-3,happy,Table tell sing hold take.,warm food,$2 off warm meals,0,1,night,0.41,328,silver,0.9,RAG,0.31,User likely needs warm food near Walmart due to sunny weather,+1-304-511-7475
141,"40.767048,-74.166701",Dunkin,1221,sunny,15,happy,Toward personal beat several police cause responsibility must lawyer rather.,quick pickup,No offer,1,0,morning,0.72,1285,bronze,0.72,RAG,0.75,User likely needs quick pickup near Dunkin due to sunny weather,+1-483-809-4928
142,"40.503063,-74.028941",WholeFoods,725,storm,11,neutral,Material student myself cost rise probably right follow.,product availability,$2 off warm meals,1,0,night,0.72,150,platinum,0.4,Tooling,0.4,User likely needs product availability near WholeFoods due to storm weather,+1-990-310-2540
143,"40.809033,-74.026829",Walmart,1321,cloudy,31,frustrated,Lay still sign ask issue call with population.,product availability,$2 off warm meals,0,1,afternoon,0.4,1979,gold,0.33,Tooling,0.53,User likely needs product availability near Walmart due to cloudy weather,+1-773-444-6847
144,"40.524261,-74.034173",Kroger,929,cloudy,-2,cold,Evening fund course company huge.,quick pickup,5% weather-based coupon,1,1,evening,0.84,155,silver,0.61,Tooling,0.74,User likely needs quick pickup near Kroger due to cloudy weather,+1-961-840-4786
145,"40.535146,-74.132264",Walmart,1284,cloudy,4,cold,Fight speak matter dog within.,find seating,No offer,0,1,evening,0.11,1045,platinum,0.28,Tooling,0.47,User likely needs find seating near Walmart due to cloudy weather,+1-232-828-9144
146,"40.685175,-73.975977",Walmart,657,windy,25,urgent,Position cut floor future rise president shoulder drop.,hot drink,Free topping,1,1,night,0.81,1974,gold,0.66,Tooling,0.72,User likely needs hot drink near Walmart due to windy weather,+1-373-942-9343
147,"40.848741,-73.912753",Starbucks,566,cloudy,15,cold,Raise note bed light cultural.,quick pickup,Free topping,0,0,morning,0.74,1988,gold,0.15,Tooling,0.83,User likely needs quick pickup near Starbucks due to cloudy weather,+1-928-289-3148
148,"40.728607,-73.739084",Walmart,375,windy,30,cold,Anything cost meet various wonder along citizen.,product availability,$2 off warm meals,1,1,morning,0.31,423,gold,0.42,RAG,0.31,User likely needs product availability near Walmart due to windy weather,+1-362-729-2566
149,"40.761652,-73.824033",Starbucks,276,windy,1,neutral,Bring if culture wear star.,find seating,5% weather-based coupon,1,0,morning,0.02,350,gold,0.54,RAG,0.29,User likely needs find seating near Starbucks due to windy weather,+1-852-453-9514
150,"40.751809,-73.784182",Walmart,1340,storm,29,urgent,Who hair put action wall skin pick.,discount search,$2 off warm meals,0,0,afternoon,0.38,1071,bronze,0.65,Tooling,0.69,User likely needs discount search near Walmart due to storm weather,+1-680-252-2799
151,"40.898215,-73.732868",Starbucks,280,storm,8,frustrated,Cost student many simple degree series consumer activity south protect.,hot drink,Free topping,0,1,morning,0.6,111,gold,0.39,RAG,0.59,User likely needs hot drink near Starbucks due to storm weather,+1-952-500-9788
152,"40.701694,-74.089637",Dunkin,1051,windy,16,cold,Current might happy different majority top exist manage.,find seating,$2 off warm meals,1,0,morning,0.34,1150,silver,0.74,Tooling,0.35,User likely needs find seating near Dunkin due to windy weather,+1-709-783-7245
153,"40.775799,-74.192729",WholeFoods,285,sunny,23,cold,Institution institution although human style.,product availability,Buy1Get1 snack,0,1,night,0.0,1579,silver,0.38,Tooling,0.83,User likely needs product availability near WholeFoods due to sunny weather,+1-448-677-3884
154,"40.817574,-73.839448",Target,526,rainy,-2,frustrated,Save set through offer PM performance picture people son.,discount search,Buy1Get1 snack,1,0,morning,0.67,218,bronze,0.29,Tooling,0.35,User likely needs discount search near Target due to rainy weather,+1-949-961-1917
155,"40.840513,-74.139931",Walmart,461,cloudy,25,frustrated,Capital imagine throughout capital enter whose meeting member.,quick pickup,10% off hot beverages,1,0,night,0.6,1825,platinum,0.86,Tooling,0.75,User likely needs quick pickup near Walmart due to cloudy weather,+1-785-299-6255
156,"40.59735,-73.751638",WholeFoods,1001,storm,19,tired,Southern step story wide class compare key.,hot drink,Free topping,1,1,afternoon,0.33,914,silver,0.22,RAG,0.18,User likely needs hot drink near WholeFoods due to storm weather,+1-878-296-1783
157,"40.778574,-74.072325",WholeFoods,594,windy,24,tired,Possible far simple fall raise.,find seating,No offer,1,1,night,0.7,173,platinum,0.55,RAG,0.37,User likely needs find seating near WholeFoods due to windy weather,+1-262-531-3206
158,"40.821245,-74.18248",Starbucks,332,storm,31,happy,Tree budget avoid away red baby.,find seating,Free topping,0,0,morning,0.16,108,silver,0.91,RAG,0.36,User likely needs find seating near Starbucks due to storm weather,+1-992-551-5007
159,"40.64994,-74.139931",WholeFoods,772,cloudy,3,urgent,By let miss natural item rich such particular.,warm food,5% weather-based coupon,1,1,afternoon,0.46,1237,silver,0.58,Tooling,0.58,User likely needs warm food near WholeFoods due to cloudy weather,+1-491-373-3124
160,"40.522617,-73.87482",Starbucks,932,cloudy,10,happy,Control responsibility peace play about when.,find seating,Buy1Get1 snack,0,0,evening,0.38,1034,silver,0.78,Tooling,0.43,User likely needs find seating near Starbucks due to cloudy weather,+1-366-490-3446
161,"40.846544,-73.91651",Dunkin,1260,snow,12,neutral,Writer cup sign can score will.,hot drink,Free topping,1,0,afternoon,0.25,1908,gold,0.42,RAG,0.37,User likely needs hot drink near Dunkin due to snow weather,+1-639-804-4067
162,"40.789955,-74.000396",Target,1204,sunny,-2,neutral,Good well benefit dinner five.,quick pickup,$2 off warm meals,1,0,evening,0.36,253,bronze,0.07,Tooling,0.68,User likely needs quick pickup near Target due to sunny weather,+1-479-626-1199
163,"40.810555,-74.041229",Starbucks,748,sunny,34,tired,Less want position exactly accept.,discount search,Buy1Get1 snack,1,1,evening,0.07,767,silver,0.23,Tooling,0.48,User likely needs discount search near Starbucks due to sunny weather,+1-476-234-3093
164,"40.774079,-73.701188",Walmart,202,rainy,-4,frustrated,Create year produce official reduce bed office base huge total.,warm food,5% weather-based coupon,0,0,night,0.45,594,silver,0.87,RAG,0.16,User likely needs warm food near Walmart due to rainy weather,+1-245-580-2701
165,"40.794617,-74.040817",Walmart,73,rainy,6,happy,Choice knowledge wait energy computer truth.,product availability,10% off hot beverages,0,0,afternoon,0.03,622,platinum,0.11,RAG,0.74,User likely needs product availability near Walmart due to rainy weather,+1-417-260-7341
166,"40.898452,-73.829973",Walmart,739,rainy,6,cold,Knowledge onto hundred around building who one ability defense community.,discount search,10% off hot beverages,0,1,night,0.15,1833,platinum,0.7,Tooling,0.24,User likely needs discount search near Walmart due to rainy weather,+1-324-330-8945
167,"40.577609,-73.812603",Kroger,48,windy,6,happy,Kid movement action provide reflect poor meet near assume skill.,quick pickup,10% off hot beverages,1,1,night,0.7,1369,bronze,0.48,Tooling,0.55,User likely needs quick pickup near Kroger due to windy weather,+1-858-201-6617
168,"40.767923,-73.769312",Starbucks,457,snow,12,urgent,They yes issue cold necessary.,product availability,5% weather-based coupon,0,0,evening,0.87,358,bronze,0.69,RAG,0.81,User likely needs product availability near Starbucks due to snow weather,+1-840-583-6386
169,"40.82504,-74.008311",Dunkin,40,cloudy,30,cold,Mrs last finally ability sure.,quick pickup,Buy1Get1 snack,1,0,night,0.98,1901,silver,0.34,Tooling,0.48,User likely needs quick pickup near Dunkin due to cloudy weather,+1-754-622-6085
170,"40.661962,-73.747253",Walmart,870,cloudy,-1,frustrated,Available visit get serious within among believe long beat try.,hot drink,No offer,1,1,afternoon,0.03,1747,platinum,0.65,RAG,0.65,User likely needs hot drink near Walmart due to cloudy weather,+1-635-245-8452
171,"40.819111,-74.089889",Dunkin,662,storm,7,tired,Decide of professor pull her page enjoy course rule.,product availability,$2 off warm meals,0,1,evening,0.42,1923,silver,0.95,Tooling,0.29,User likely needs product availability near Dunkin due to storm weather,+1-561-633-8543
172,"40.647098,-74.072794",Dunkin,1068,cloudy,19,frustrated,Ten partner thank strong nearly game treat bill.,hot drink,Buy1Get1 snack,1,1,night,0.42,1315,silver,0.68,RAG,0.88,User likely needs hot drink near Dunkin due to cloudy weather,+1-569-453-5067
173,"40.69925,-73.962899",Dunkin,193,windy,25,neutral,Benefit writer wear he sell pull letter though majority on choice.,find seating,Buy1Get1 snack,0,1,evening,0.48,1374,gold,0.61,RAG,0.55,User likely needs find seating near Dunkin due to windy weather,+1-456-594-6492
174,"40.72616,-74.097858",Dunkin,438,storm,11,happy,His thank back yet clearly bank want college film.,warm food,Buy1Get1 snack,1,1,night,0.03,1268,gold,0.22,RAG,0.29,User likely needs warm food near Dunkin due to storm weather,+1-530-281-7261
175,"40.575015,-73.830415",WholeFoods,1016,sunny,3,tired,Hour develop major second drop half suffer building the perform.,find seating,Buy1Get1 snack,0,0,afternoon,0.51,735,bronze,0.07,Tooling,0.68,User likely needs find seating near WholeFoods due to sunny weather,+1-633-999-3488
176,"40.71279,-73.904817",WholeFoods,257,rainy,-2,frustrated,Director authority subject can feel to.,product availability,Buy1Get1 snack,1,1,evening,0.77,1195,silver,0.65,RAG,0.6,User likely needs product availability near WholeFoods due to rainy weather,+1-668-760-2329
177,"40.621792,-73.836158",Dunkin,331,rainy,14,happy,Street much region card hand member here.,product availability,$2 off warm meals,1,1,morning,1.0,1371,silver,0.28,RAG,0.19,User likely needs product availability near Dunkin due to rainy weather,+1-340-240-4170
178,"40.616289,-74.093819",Kroger,1069,storm,6,frustrated,Form technology edge like somebody.,warm food,$2 off warm meals,0,1,morning,0.07,1856,bronze,0.9,RAG,0.51,User likely needs warm food near Kroger due to storm weather,+1-735-772-1815
179,"40.522137,-74.067123",Target,1057,rainy,34,happy,Light else hospital quickly two soon job result.,discount search,Free topping,0,1,afternoon,0.14,1427,silver,0.1,Tooling,0.6,User likely needs discount search near Target due to rainy weather,+1-217-571-6163
180,"40.735522,-73.719924",Dunkin,490,rainy,14,urgent,Try road also indicate mind.,hot drink,5% weather-based coupon,1,1,evening,0.28,888,platinum,0.62,Tooling,0.11,User likely needs hot drink near Dunkin due to rainy weather,+1-649-934-7670
181,"40.585334,-73.753159",Walmart,613,snow,-5,urgent,My late sport small notice father attack.,product availability,10% off hot beverages,1,0,night,0.54,1439,gold,0.2,Tooling,0.65,User likely needs product availability near Walmart due to snow weather,+1-993-980-4583
182,"40.619609,-73.770687",Walmart,67,sunny,30,urgent,Letter play seem technology reality into yes how.,discount search,$2 off warm meals,0,1,morning,0.54,710,platinum,0.83,Tooling,0.11,User likely needs discount search near Walmart due to sunny weather,+1-865-716-4690
183,"40.817615,-74.113465",Target,728,sunny,13,frustrated,Spend to project so nearly forward own they.,product availability,Free topping,1,1,evening,0.67,411,silver,0.93,Tooling,0.68,User likely needs product availability near Target due to sunny weather,+1-383-890-2112
184,"40.606217,-73.791669",Walmart,710,rainy,34,urgent,Place run stock sometimes explain let world finally.,find seating,Free topping,1,1,evening,0.86,925,silver,0.3,RAG,0.48,User likely needs find seating near Walmart due to rainy weather,+1-492-315-6658
185,"40.897679,-74.015525",Kroger,1346,sunny,17,cold,Add send which price economy address bit effect customer.,hot drink,10% off hot beverages,0,0,afternoon,0.67,1366,bronze,0.5,Tooling,0.8,User likely needs hot drink near Kroger due to sunny weather,+1-972-552-3744
186,"40.860906,-73.875288",WholeFoods,1437,windy,12,frustrated,Good strong game this might.,discount search,Buy1Get1 snack,0,0,morning,0.8,1362,platinum,0.87,Tooling,0.16,User likely needs discount search near WholeFoods due to windy weather,+1-899-510-9476
187,"40.569043,-74.026384",Starbucks,90,cloudy,35,frustrated,Its performance decision picture key.,discount search,Free topping,1,1,night,0.56,1966,bronze,0.7,Tooling,0.11,User likely needs discount search near Starbucks due to cloudy weather,+1-681-609-1620
188,"40.541347,-74.136717",Dunkin,848,sunny,23,frustrated,Beat this night focus outside too onto charge society real.,discount search,No offer,0,0,night,0.99,414,platinum,0.7,Tooling,0.5,User likely needs discount search near Dunkin due to sunny weather,+1-745-646-4916
189,"40.865332,-73.806812",Kroger,335,sunny,2,happy,Age group economic network expert guy charge rock ever.,find seating,5% weather-based coupon,1,1,afternoon,0.67,1081,bronze,0.47,Tooling,0.17,User likely needs find seating near Kroger due to sunny weather,+1-336-726-1425
190,"40.559724,-73.930734",WholeFoods,277,snow,27,neutral,Poor too pressure help foot.,find seating,10% off hot beverages,0,0,night,0.78,1967,platinum,0.26,Tooling,0.4,User likely needs find seating near WholeFoods due to snow weather,+1-643-417-3021
191,"40.56089,-73.749769",Kroger,557,snow,0,happy,Sign will year professional some technology.,discount search,No offer,0,1,evening,0.78,1061,gold,0.94,RAG,0.24,User likely needs discount search near Kroger due to snow weather,+1-347-213-1326
192,"40.821769,-73.732063",WholeFoods,1056,storm,1,happy,True artist possible suggest response certain wish.,warm food,Free topping,1,1,afternoon,0.0,728,silver,0.54,RAG,0.33,User likely needs warm food near WholeFoods due to storm weather,+1-781-361-6518
193,"40.638567,-74.106185",Walmart,397,storm,-2,tired,Car important ok kid piece company wonder you toward although.,warm food,$2 off warm meals,0,1,afternoon,0.63,492,bronze,0.45,RAG,0.38,User likely needs warm food near Walmart due to storm weather,+1-446-572-1874
194,"40.735301,-73.76069",Kroger,161,sunny,33,happy,Network government night none card find action government decision.,find seating,5% weather-based coupon,0,1,morning,0.45,1025,gold,0.11,Tooling,0.82,User likely needs find seating near Kroger due to sunny weather,+1-375-678-8882
195,"40.609501,-73.889529",Walmart,987,windy,31,urgent,Simply few want toward catch word Mr population model.,product availability,$2 off warm meals,1,0,evening,0.59,199,bronze,0.39,RAG,0.5,User likely needs product availability near Walmart due to windy weather,+1-596-571-4178
196,"40.536302,-73.904113",Walmart,1013,cloudy,18,happy,Husband nature today who capital us before which.,hot drink,Buy1Get1 snack,0,1,night,0.21,512,platinum,0.43,Tooling,0.5,User likely needs hot drink near Walmart due to cloudy weather,+1-885-415-1908
197,"40.884956,-73.983781",Target,290,windy,11,urgent,Most should crime type become black family writer.,quick pickup,Free topping,0,1,evening,0.73,1447,gold,0.97,Tooling,0.47,User likely needs quick pickup near Target due to windy weather,+1-411-356-4128
198,"40.676561,-74.003753",Walmart,397,windy,10,cold,Mother billion boy southern.,product availability,Buy1Get1 snack,0,0,evening,0.55,707,platinum,0.11,Tooling,0.18,User likely needs product availability near Walmart due to windy weather,+1-773-253-1341
199,"40.842321,-73.834591",Dunkin,531,cloudy,5,tired,Strong high hot huge candidate actually.,warm food,10% off hot beverages,0,1,afternoon,0.16,733,gold,0.57,RAG,0.47,User likely needs warm food near Dunkin due to cloudy weather,+1-616-256-3203
200,"40.726346,-73.845759",Starbucks,1320,windy,7,happy,Notice compare discover article.,find seating,5% weather-based coupon,0,0,night,0.29,1450,gold,0.18,RAG,0.42,User likely needs find seating near Starbucks due to windy weather,+1-877-217-8319
201,"40.716203,-73.847254",Dunkin,755,cloudy,10,neutral,Spring structure unit community Democrat now feel without.,quick pickup,Buy1Get1 snack,1,0,night,0.85,1239,gold,0.32,Tooling,0.35,User likely needs quick pickup near Dunkin due to cloudy weather,+1-867-435-1945
202,"40.520101,-74.098838",Kroger,1063,storm,23,happy,On themselves air visit note director before memory important.,find seating,Buy1Get1 snack,1,1,evening,0.11,182,bronze,0.14,RAG,0.49,User likely needs find seating near Kroger due to storm weather,+1-997-214-2596
203,"40.54694,-73.858376",Starbucks,867,rainy,7,neutral,Side develop cost culture like daughter civil up collection action.,discount search,$2 off warm meals,1,1,morning,0.72,500,platinum,0.71,Tooling,0.14,User likely needs discount search near Starbucks due to rainy weather,+1-780-991-4427
204,"40.593236,-73.899048",Walmart,417,rainy,23,cold,Often power local free black give American far late main item.,product availability,$2 off warm meals,1,0,evening,0.59,133,bronze,0.26,Tooling,0.37,User likely needs product availability near Walmart due to rainy weather,+1-498-220-8804
205,"40.506437,-73.998409",Starbucks,753,windy,32,cold,Include him necessary board wish Mr less.,warm food,10% off hot beverages,1,0,evening,0.59,1561,platinum,0.9,Tooling,0.63,User likely needs warm food near Starbucks due to windy weather,+1-485-774-9473
206,"40.553942,-74.057549",WholeFoods,1307,snow,17,frustrated,State use community respond our she read.,hot drink,10% off hot beverages,0,0,evening,0.05,1471,platinum,0.52,Tooling,0.49,User likely needs hot drink near WholeFoods due to snow weather,+1-351-225-1403
207,"40.65099,-73.931448",Walmart,627,storm,28,neutral,Him health health use ten.,warm food,No offer,1,0,morning,0.28,1658,gold,0.94,Tooling,0.36,User likely needs warm food near Walmart due to storm weather,+1-644-260-8940
208,"40.664344,-73.905907",Target,453,cloudy,27,cold,Director evidence able pass listen list top in.,find seating,$2 off warm meals,0,1,night,0.06,225,bronze,0.42,RAG,0.46,User likely needs find seating near Target due to cloudy weather,+1-292-375-5934
209,"40.86386,-73.772885",Walmart,1160,windy,33,urgent,Situation new by heavy two special describe fall.,find seating,10% off hot beverages,0,1,afternoon,0.63,1238,gold,0.68,RAG,0.12,User likely needs find seating near Walmart due to windy weather,+1-846-733-4192
210,"40.810098,-74.078558",Target,380,snow,3,frustrated,Entire daughter choose spend you.,warm food,5% weather-based coupon,1,1,night,0.83,310,silver,0.31,RAG,0.47,User likely needs warm food near Target due to snow weather,+1-552-922-3214
211,"40.520349,-74.033191",Dunkin,1391,rainy,34,cold,Allow save hair why eight ok.,warm food,$2 off warm meals,1,1,night,0.71,1348,platinum,0.56,Tooling,0.58,User likely needs warm food near Dunkin due to rainy weather,+1-792-956-7688
212,"40.520115,-73.711889",Target,776,sunny,7,tired,Get course hit very.,hot drink,Buy1Get1 snack,0,0,afternoon,0.41,1370,gold,0.72,Tooling,0.43,User likely needs hot drink near Target due to sunny weather,+1-245-729-7418
213,"40.621371,-74.064854",Kroger,741,windy,-1,urgent,Determine ever drop drop relationship physical sea inside usually grow.,product availability,10% off hot beverages,1,1,night,0.14,1550,gold,0.38,RAG,0.82,User likely needs product availability near Kroger due to windy weather,+1-326-680-4267
214,"40.53478,-74.017989",Kroger,980,cloudy,7,cold,Seven office forward section public later kid woman service can scene.,warm food,No offer,1,0,night,0.21,1081,silver,0.61,Tooling,0.68,User likely needs warm food near Kroger due to cloudy weather,+1-554-631-9718
215,"40.854851,-73.824506",Target,1107,cloudy,-1,neutral,Chance participant fact opportunity news seem.,find seating,Buy1Get1 snack,0,0,morning,0.21,580,platinum,0.98,RAG,0.38,User likely needs find seating near Target due to cloudy weather,+1-515-544-5892
216,"40.584348,-73.72389",WholeFoods,234,sunny,-3,frustrated,Usually meet mind time at.,quick pickup,No offer,1,0,night,0.71,470,bronze,0.9,Tooling,0.7,User likely needs quick pickup near WholeFoods due to sunny weather,+1-704-676-3709
217,"40.646771,-74.184934",Starbucks,1462,rainy,21,urgent,Factor degree eye price chair one scientist.,find seating,No offer,0,1,afternoon,0.69,264,gold,0.98,Tooling,0.29,User likely needs find seating near Starbucks due to rainy weather,+1-784-278-8856
218,"40.696432,-73.708777",Kroger,1018,storm,31,neutral,And nation world contain believe.,product availability,5% weather-based coupon,0,0,morning,0.37,911,bronze,0.73,Tooling,0.37,User likely needs product availability near Kroger due to storm weather,+1-749-223-6598
219,"40.614326,-74.031074",Kroger,1477,snow,13,neutral,Able street official best including visit try.,quick pickup,Free topping,0,0,afternoon,0.53,1735,gold,0.57,Tooling,0.52,User likely needs quick pickup near Kroger due to snow weather,+1-272-831-8989
220,"40.654911,-74.09909",Starbucks,1245,sunny,28,urgent,Investment list pay movement information soldier face.,warm food,5% weather-based coupon,1,1,afternoon,0.06,1177,gold,0.75,Tooling,0.76,User likely needs warm food near Starbucks due to sunny weather,+1-262-334-7411
221,"40.706879,-74.105964",Kroger,957,storm,35,neutral,Call hold by season safe present parent.,warm food,No offer,0,1,morning,0.02,1543,gold,0.51,RAG,0.73,User likely needs warm food near Kroger due to storm weather,+1-281-687-7006
222,"40.654381,-73.847992",Starbucks,1254,windy,3,happy,Staff remember throw with campaign itself his service until.,hot drink,No offer,0,0,morning,0.13,962,silver,0.14,RAG,0.72,User likely needs hot drink near Starbucks due to windy weather,+1-293-715-8303
223,"40.597444,-73.889482",Target,852,storm,9,frustrated,Participant admit road hundred result fire country political.,warm food,10% off hot beverages,1,1,evening,0.69,539,gold,0.76,Tooling,0.77,User likely needs warm food near Target due to storm weather,+1-657-555-3872
224,"40.752624,-73.728034",Starbucks,324,windy,14,urgent,Major do learn door best between step watch admit.,quick pickup,No offer,0,0,evening,0.08,1740,bronze,0.96,RAG,0.4,User likely needs quick pickup near Starbucks due to windy weather,+1-550-763-9042
225,"40.815008,-73.707363",Dunkin,1227,snow,4,neutral,Decision position technology finally soon happen color law cultural.,find seating,$2 off warm meals,1,0,afternoon,0.23,644,platinum,0.3,Tooling,0.24,User likely needs find seating near Dunkin due to snow weather,+1-252-291-5348
226,"40.501116,-74.093972",Starbucks,1021,sunny,-2,cold,Skill measure site friend war draw must.,discount search,Free topping,1,0,morning,0.12,670,platinum,0.59,RAG,0.69,User likely needs discount search near Starbucks due to sunny weather,+1-527-216-4928
227,"40.813769,-74.129967",Target,972,snow,35,neutral,Dream approach key while three.,quick pickup,10% off hot beverages,1,1,evening,0.06,754,gold,0.96,Tooling,0.35,User likely needs quick pickup near Target due to snow weather,+1-713-839-9207
228,"40.887521,-73.936496",Walmart,142,snow,14,frustrated,Among push avoid rate person.,warm food,$2 off warm meals,1,0,morning,0.54,1442,silver,0.15,Tooling,0.74,User likely needs warm food near Walmart due to snow weather,+1-887-739-4933
229,"40.617217,-74.00278",Starbucks,160,cloudy,1,happy,Main series employee lose mean water identify late boy hear.,quick pickup,Free topping,1,0,night,0.32,597,bronze,0.28,RAG,0.47,User likely needs quick pickup near Starbucks due to cloudy weather,+1-975-588-1721
230,"40.828518,-73.851217",Starbucks,719,rainy,-3,cold,Prove color move bar certainly young our future right.,discount search,No offer,1,1,evening,0.05,1584,platinum,0.81,Tooling,0.78,User likely needs discount search near Starbucks due to rainy weather,+1-752-224-1560
231,"40.69393,-73.869971",WholeFoods,696,snow,27,happy,Environmental politics like game treat program past continue.,warm food,10% off hot beverages,0,1,morning,0.73,1510,bronze,0.49,Tooling,0.86,User likely needs warm food near WholeFoods due to snow weather,+1-809-822-5816
232,"40.553534,-73.779962",Walmart,1066,windy,-1,neutral,Rule approach else condition many to keep rather.,discount search,Buy1Get1 snack,0,0,night,0.84,1905,silver,0.32,RAG,0.5,User likely needs discount search near Walmart due to windy weather,+1-482-894-3222
233,"40.880614,-73.906302",Walmart,1203,rainy,11,cold,With go staff personal fire.,product availability,Buy1Get1 snack,1,0,morning,0.24,314,gold,0.49,Tooling,0.56,User likely needs product availability near Walmart due to rainy weather,+1-376-890-9241
234,"40.713177,-73.731203",WholeFoods,764,storm,4,cold,Pattern process season night pass prepare land.,discount search,Free topping,0,0,evening,0.99,1347,silver,0.64,Tooling,0.68,User likely needs discount search near WholeFoods due to storm weather,+1-593-412-9464
235,"40.732587,-74.022008",Dunkin,1285,snow,-3,frustrated,White leave meet parent worker response.,quick pickup,10% off hot beverages,1,1,morning,0.27,266,silver,0.39,Tooling,0.36,User likely needs quick pickup near Dunkin due to snow weather,+1-745-967-6336
236,"40.748398,-73.715453",Dunkin,1278,snow,9,happy,Ask guy according ready mind foot speech analysis.,product availability,Free topping,0,1,morning,0.32,1623,silver,0.37,Tooling,0.62,User likely needs product availability near Dunkin due to snow weather,+1-785-258-9513
237,"40.888877,-73.958455",WholeFoods,198,storm,18,cold,Friend local meeting know although same.,hot drink,Free topping,1,0,evening,0.74,834,bronze,0.11,RAG,0.68,User likely needs hot drink near WholeFoods due to storm weather,+1-858-971-4916
238,"40.616237,-73.842625",Kroger,1307,storm,20,cold,Way seven according drop everyone simple notice too.,discount search,No offer,1,1,morning,0.77,97,silver,0.09,Tooling,0.45,User likely needs discount search near Kroger due to storm weather,+1-340-627-6560
239,"40.791375,-74.137057",Kroger,301,sunny,16,happy,Suggest service writer follow.,hot drink,10% off hot beverages,1,0,afternoon,0.23,1199,gold,0.23,RAG,0.32,User likely needs hot drink near Kroger due to sunny weather,+1-751-794-6599
240,"40.603504,-73.996967",WholeFoods,708,sunny,21,neutral,Activity management seek too not.,hot drink,Buy1Get1 snack,1,1,night,0.19,1435,silver,0.41,Tooling,0.89,User likely needs hot drink near WholeFoods due to sunny weather,+1-540-382-7259
241,"40.618957,-73.979626",Starbucks,1476,rainy,10,urgent,Write pull end team those must or prevent citizen popular.,find seating,Free topping,0,1,afternoon,0.69,204,gold,0.84,Tooling,0.53,User likely needs find seating near Starbucks due to rainy weather,+1-291-834-7999
242,"40.725173,-73.731022",Dunkin,29,windy,25,neutral,Hospital all theory member with name region set.,quick pickup,Free topping,1,1,afternoon,0.66,1949,platinum,0.06,Tooling,0.74,User likely needs quick pickup near Dunkin due to windy weather,+1-662-743-7097
243,"40.720728,-74.10479",Dunkin,1246,cloudy,34,tired,Affect sit a couple bag wonder.,warm food,Free topping,0,1,afternoon,0.82,1829,silver,0.17,Tooling,0.4,User likely needs warm food near Dunkin due to cloudy weather,+1-407-341-7825
244,"40.833321,-73.961768",Kroger,474,rainy,12,tired,At rest popular foreign PM work.,find seating,$2 off warm meals,1,0,evening,0.18,1726,bronze,0.65,RAG,0.38,User likely needs find seating near Kroger due to rainy weather,+1-241-497-4767
245,"40.619149,-74.001957",Starbucks,1341,windy,-3,urgent,Sort lay relate drive dinner model she college.,find seating,No offer,1,1,afternoon,0.48,408,platinum,0.36,Tooling,0.22,User likely needs find seating near Starbucks due to windy weather,+1-842-765-7829
246,"40.75589,-73.99775",Dunkin,36,windy,8,urgent,System according glass music population somebody.,warm food,Buy1Get1 snack,1,0,evening,0.23,1867,bronze,0.2,RAG,0.65,User likely needs warm food near Dunkin due to windy weather,+1-216-272-8601
247,"40.602737,-74.110601",Starbucks,322,sunny,30,happy,Common care whatever cup indeed talk writer Republican edge recently.,discount search,Buy1Get1 snack,1,0,night,0.38,726,silver,0.93,RAG,0.48,User likely needs discount search near Starbucks due to sunny weather,+1-481-792-5104
248,"40.573907,-73.932561",Starbucks,1489,rainy,22,cold,Value perform whom create able difficult.,find seating,Buy1Get1 snack,1,1,night,0.84,1778,silver,0.01,Tooling,0.82,User likely needs find seating near Starbucks due to rainy weather,+1-219-465-9605
249,"40.608077,-73.884807",Target,52,sunny,9,happy,Where see fact sell third save.,hot drink,$2 off warm meals,1,0,evening,0.85,1193,bronze,0.66,Tooling,0.38,User likely needs hot drink near Target due to sunny weather,+1-338-544-2390
250,"40.554763,-73.964094",Dunkin,512,snow,27,cold,Describe talk message public join forget worry police.,discount search,10% off hot beverages,1,0,night,0.39,978,bronze,0.15,Tooling,0.75,User likely needs discount search near Dunkin due to snow weather,+1-533-387-6685
251,"40.504342,-73.780501",Kroger,1283,windy,26,cold,They moment young back course one class professional north true.,warm food,10% off hot beverages,1,0,evening,0.84,1437,silver,0.78,RAG,0.53,User likely needs warm food near Kroger due to windy weather,+1-515-204-1334
252,"40.800849,-73.870634",Walmart,899,cloudy,0,urgent,Person own high way theory hotel so.,warm food,$2 off warm meals,0,1,night,0.81,1988,gold,0.51,Tooling,0.12,User likely needs warm food near Walmart due to cloudy weather,+1-705-850-8469
253,"40.610976,-73.708179",Walmart,881,storm,-3,cold,Present piece step approach series than.,warm food,10% off hot beverages,1,1,afternoon,0.44,1927,bronze,0.96,Tooling,0.14,User likely needs warm food near Walmart due to storm weather,+1-249-516-5980
254,"40.723211,-74.119246",Kroger,1304,snow,-1,cold,Describe painting professor standard avoid high production page music member.,warm food,Free topping,0,0,afternoon,0.29,1290,platinum,0.71,Tooling,0.75,User likely needs warm food near Kroger due to snow weather,+1-510-475-9956
255,"40.791743,-74.018379",Kroger,415,windy,24,tired,Begin report artist no interest rest.,discount search,5% weather-based coupon,0,0,morning,0.77,1876,silver,0.92,RAG,0.42,User likely needs discount search near Kroger due to windy weather,+1-294-220-8744
256,"40.670662,-74.160512",Walmart,1418,sunny,4,frustrated,Resource although his officer fine treat receive land.,find seating,5% weather-based coupon,0,1,morning,0.67,1025,gold,0.75,Tooling,0.35,User likely needs find seating near Walmart due to sunny weather,+1-703-623-6532
257,"40.811974,-73.843961",Kroger,936,storm,7,happy,Population sister identify community help cost theory but.,warm food,$2 off warm meals,0,0,evening,0.59,858,gold,0.06,RAG,0.61,User likely needs warm food near Kroger due to storm weather,+1-695-593-6952
258,"40.500436,-73.763372",Starbucks,858,snow,20,happy,Work doctor product tell expect make carry.,warm food,5% weather-based coupon,1,1,evening,0.64,1281,gold,0.19,Tooling,0.12,User likely needs warm food near Starbucks due to snow weather,+1-222-305-4633
259,"40.704238,-73.914125",Walmart,1263,windy,17,cold,Six clear fund once explain fast.,hot drink,Free topping,0,1,afternoon,0.27,1504,platinum,0.23,RAG,0.11,User likely needs hot drink near Walmart due to windy weather,+1-871-550-8484
260,"40.565979,-74.164452",Walmart,843,cloudy,-2,neutral,They appear none theory right nice what.,discount search,Buy1Get1 snack,1,1,afternoon,0.47,429,bronze,0.73,Tooling,0.2,User likely needs discount search near Walmart due to cloudy weather,+1-675-268-4657
261,"40.790769,-73.87305",Dunkin,837,windy,30,tired,Knowledge most report so many.,warm food,10% off hot beverages,1,1,evening,0.42,182,gold,0.4,Tooling,0.23,User likely needs warm food near Dunkin due to windy weather,+1-919-950-6306
262,"40.573275,-73.922531",Starbucks,1393,snow,28,frustrated,Last late recognize especially size maintain media case organization wear.,quick pickup,Free topping,1,0,night,0.51,377,gold,0.77,RAG,0.89,User likely needs quick pickup near Starbucks due to snow weather,+1-439-440-8698
263,"40.551023,-74.107887",Starbucks,1274,rainy,11,frustrated,Walk idea understand bag record culture up receive.,hot drink,10% off hot beverages,1,1,evening,0.94,1905,platinum,0.34,Tooling,0.74,User likely needs hot drink near Starbucks due to rainy weather,+1-392-733-4600
264,"40.735374,-73.941678",Kroger,760,sunny,35,frustrated,Behind answer up share study us bag help I.,discount search,No offer,1,0,evening,0.96,576,platinum,0.4,Tooling,0.41,User likely needs discount search near Kroger due to sunny weather,+1-395-324-8081
265,"40.843253,-74.010172",Target,276,storm,34,happy,Between trouble face rule among myself option agency thank.,find seating,Buy1Get1 snack,0,1,afternoon,0.48,1586,gold,0.65,Tooling,0.71,User likely needs find seating near Target due to storm weather,+1-512-622-2942
266,"40.565803,-73.876654",Target,893,snow,3,urgent,During official public determine ahead fill growth.,discount search,5% weather-based coupon,1,1,afternoon,0.56,1511,gold,0.97,Tooling,0.88,User likely needs discount search near Target due to snow weather,+1-686-765-1714
267,"40.731707,-73.957783",WholeFoods,1369,storm,8,happy,Already figure important book recently.,hot drink,Free topping,1,0,evening,0.35,828,platinum,0.85,RAG,0.1,User likely needs hot drink near WholeFoods due to storm weather,+1-282-843-2505
268,"40.632957,-73.881495",Target,776,snow,26,urgent,She husband between particular.,find seating,$2 off warm meals,1,1,morning,0.55,579,gold,1.0,Tooling,0.78,User likely needs find seating near Target due to snow weather,+1-301-461-8255
269,"40.798613,-73.960121",Starbucks,830,cloudy,5,cold,Look sign account worry so.,quick pickup,No offer,1,0,night,0.66,1852,silver,0.5,Tooling,0.88,User likely needs quick pickup near Starbucks due to cloudy weather,+1-891-991-9734
270,"40.581812,-74.097812",WholeFoods,1356,storm,28,frustrated,Time people short money we church themselves management far majority.,discount search,Buy1Get1 snack,0,1,evening,0.34,110,gold,0.47,RAG,0.23,User likely needs discount search near WholeFoods due to storm weather,+1-214-331-8105
271,"40.650322,-73.735548",Walmart,1326,storm,20,cold,Give room cause stock.,quick pickup,Buy1Get1 snack,0,0,morning,0.9,1971,bronze,0.72,Tooling,0.36,User likely needs quick pickup near Walmart due to storm weather,+1-460-786-9498
272,"40.754095,-73.882252",Walmart,605,windy,7,urgent,Drug into perform alone design their.,quick pickup,Free topping,1,0,morning,0.96,332,bronze,0.09,RAG,0.17,User likely needs quick pickup near Walmart due to windy weather,+1-898-367-9384
273,"40.565435,-74.043968",Walmart,898,cloudy,19,frustrated,Might cup source sport field national consider.,product availability,10% off hot beverages,0,1,morning,0.35,1578,gold,0.94,Tooling,0.15,User likely needs product availability near Walmart due to cloudy weather,+1-838-746-2962
274,"40.51364,-74.199374",Walmart,1049,rainy,14,tired,One market political level fine our focus.,hot drink,5% weather-based coupon,0,0,night,0.51,1051,gold,0.97,RAG,0.64,User likely needs hot drink near Walmart due to rainy weather,+1-965-606-4174
275,"40.592924,-73.914182",Walmart,142,sunny,0,urgent,Computer democratic physical election financial.,find seating,Buy1Get1 snack,1,0,afternoon,0.02,374,gold,0.91,Tooling,0.73,User likely needs find seating near Walmart due to sunny weather,+1-656-664-4644
276,"40.884732,-73.779981",Dunkin,1123,windy,16,neutral,This community civil green hit while amount.,find seating,Buy1Get1 snack,1,0,night,0.36,1436,bronze,0.74,Tooling,0.15,User likely needs find seating near Dunkin due to windy weather,+1-667-275-4634
277,"40.589856,-74.012844",Kroger,1438,sunny,32,urgent,South recognize church toward hour adult.,warm food,Free topping,0,1,evening,0.79,1590,bronze,0.93,RAG,0.61,User likely needs warm food near Kroger due to sunny weather,+1-293-451-4150
278,"40.603251,-73.793298",WholeFoods,875,cloudy,20,neutral,Money they street difference to unit international.,warm food,No offer,0,1,evening,0.25,1652,bronze,0.48,Tooling,0.86,User likely needs warm food near WholeFoods due to cloudy weather,+1-223-828-3275
279,"40.6788,-74.024513",Target,1070,cloudy,32,frustrated,Cultural wall different writer certainly black tree high clear.,discount search,No offer,1,0,morning,0.8,1682,platinum,0.1,Tooling,0.56,User likely needs discount search near Target due to cloudy weather,+1-519-822-2295
280,"40.756305,-74.060829",Starbucks,443,storm,27,frustrated,Lot because for relate yourself get or often.,discount search,10% off hot beverages,1,0,morning,0.89,779,bronze,0.98,Tooling,0.78,User likely needs discount search near Starbucks due to storm weather,+1-697-818-7431
281,"40.802653,-74.129433",Walmart,258,storm,18,urgent,Research understand pretty power year.,discount search,5% weather-based coupon,0,1,morning,0.17,740,silver,0.1,Tooling,0.64,User likely needs discount search near Walmart due to storm weather,+1-479-569-9316
282,"40.500236,-73.959152",Walmart,551,cloudy,28,urgent,Catch treatment detail suffer local for cell have true yes.,quick pickup,5% weather-based coupon,1,1,morning,0.2,513,platinum,0.07,RAG,0.2,User likely needs quick pickup near Walmart due to cloudy weather,+1-860-549-5015
283,"40.870961,-74.117825",Target,1028,sunny,15,frustrated,Ever onto bit character than.,product availability,Buy1Get1 snack,1,0,morning,0.32,1652,silver,0.25,RAG,0.21,User likely needs product availability near Target due to sunny weather,+1-241-299-9417
284,"40.892489,-74.092017",Starbucks,1015,storm,6,neutral,Step right keep shoulder court get certainly will.,find seating,No offer,0,1,morning,0.36,740,platinum,0.94,RAG,0.62,User likely needs find seating near Starbucks due to storm weather,+1-875-854-9349
285,"40.626978,-73.864138",Starbucks,713,rainy,24,happy,Guy news let prove also nothing sea brother.,product availability,Buy1Get1 snack,1,1,evening,0.69,1448,bronze,0.73,Tooling,0.19,User likely needs product availability near Starbucks due to rainy weather,+1-635-287-5441
286,"40.866293,-74.160984",Dunkin,1491,snow,20,neutral,Team during figure decision possible current account so.,hot drink,5% weather-based coupon,1,1,morning,0.17,1678,bronze,0.46,Tooling,0.35,User likely needs hot drink near Dunkin due to snow weather,+1-555-407-3738
287,"40.50398,-74.103058",Dunkin,1278,rainy,19,urgent,Similar early inside fire discover alone behind.,find seating,Free topping,1,0,evening,0.03,540,bronze,0.32,Tooling,0.8,User likely needs find seating near Dunkin due to rainy weather,+1-634-516-6136
288,"40.858674,-74.013621",Kroger,153,rainy,11,tired,Say interest money participant.,discount search,Buy1Get1 snack,0,0,morning,0.2,1953,bronze,0.75,Tooling,0.39,User likely needs discount search near Kroger due to rainy weather,+1-956-674-6718
289,"40.649389,-74.04998",Dunkin,486,windy,25,frustrated,World son paper much not ahead social budget any thing.,warm food,Free topping,1,1,evening,0.55,1532,silver,0.24,Tooling,0.41,User likely needs warm food near Dunkin due to windy weather,+1-490-592-8079
290,"40.604455,-74.148815",Kroger,462,windy,29,urgent,Buy player bank rest teach rise contain about where each.,find seating,$2 off warm meals,0,1,evening,0.79,650,bronze,0.84,Tooling,0.86,User likely needs find seating near Kroger due to windy weather,+1-292-641-6930
291,"40.599447,-74.142019",Walmart,1186,snow,-2,urgent,Nation your clearly race reality age yes prevent.,product availability,Free topping,0,0,night,0.04,960,silver,0.22,RAG,0.16,User likely needs product availability near Walmart due to snow weather,+1-381-331-1242
292,"40.555126,-73.701165",Walmart,714,storm,19,cold,Fight safe prepare land pay that would middle research task.,warm food,Buy1Get1 snack,1,0,evening,0.34,526,platinum,0.31,RAG,0.32,User likely needs warm food near Walmart due to storm weather,+1-873-716-3209
293,"40.845027,-74.163298",Walmart,124,rainy,10,frustrated,Speak mother practice pass seek training address.,find seating,Buy1Get1 snack,0,1,afternoon,0.5,836,silver,0.48,Tooling,0.24,User likely needs find seating near Walmart due to rainy weather,+1-850-379-9293
294,"40.821557,-73.993458",Dunkin,470,sunny,26,tired,About seven number about where brother reveal executive many approach.,quick pickup,$2 off warm meals,1,0,evening,0.83,712,silver,0.48,Tooling,0.47,User likely needs quick pickup near Dunkin due to sunny weather,+1-523-334-4574
295,"40.674729,-73.757782",Starbucks,1192,sunny,0,urgent,Knowledge story method energy southern send keep head first.,warm food,$2 off warm meals,0,0,evening,0.21,598,platinum,0.73,Tooling,0.26,User likely needs warm food near Starbucks due to sunny weather,+1-264-769-4436
296,"40.789679,-74.143007",Dunkin,1012,cloudy,-5,tired,Attention admit section quite.,warm food,No offer,1,0,morning,0.66,348,bronze,0.22,RAG,0.44,User likely needs warm food near Dunkin due to cloudy weather,+1-261-316-7970
297,"40.528451,-73.80439",Dunkin,1395,cloudy,24,tired,Sound democratic wear around because hot serious.,quick pickup,No offer,0,1,afternoon,0.27,512,silver,0.76,RAG,0.59,User likely needs quick pickup near Dunkin due to cloudy weather,+1-464-471-3620
298,"40.828128,-74.144558",Starbucks,721,rainy,13,urgent,Ten current give red perhaps relate now court over.,find seating,10% off hot beverages,1,0,night,0.89,158,platinum,0.98,Tooling,0.11,User likely needs find seating near Starbucks due to rainy weather,+1-627-977-2282
299,"40.677829,-74.054605",Kroger,297,cloudy,25,cold,Become put recent cause fish director me kitchen least second.,quick pickup,10% off hot beverages,0,1,morning,0.86,1205,silver,0.25,Tooling,0.8,User likely needs quick pickup near Kroger due to cloudy weather,+1-465-726-5547
